{
	"name": "External Data",
	"version": "3.1",
	"author": [
		"Yaron Koren",
		"Alexander Mashin",
		"..."
	],
	"url": "https://www.mediawiki.org/wiki/Extension:External_Data",
	"descriptionmsg": "externaldata-desc",
	"license-name": "GPL-2.0-or-later",
	"type": "parserhook",
	"requires": {
		"MediaWiki": ">= 1.29.0"
	},
	"load_composer_autoloader": true,
	"SpecialPages": {
		"GetData": "EDGetData"
	},
	"MessagesDirs": {
		"ExternalData": [
			"i18n"
		]
	},
	"ExtensionMessagesFiles": {
		"ExternalDataMagic": "ExternalData.i18n.magic.php",
		"ExternalDataAlias": "ExternalData.i18n.alias.php"
	},
	"AutoloadClasses": {
		"ExternalDataHooks": "includes/ExternalDataHooks.php",
		"EDParserFunctions": "includes/EDParserFunctions.php",
		"EDGetData": "includes/EDGetData.php",
		"EDJsonObject": "includes/EDJsonObject.php",
		"EDArraySlice": "includes/EDArraySlice.php",
		"EDReparseJob": "includes/EDReparseJob.php",
		"EDParsesParams": "includes/EDParsesParams.php",
		"EDConnectorCached": "includes/connectors/traits/EDConnectorCached.php",
		"EDConnectorThrottled": "includes/connectors/traits/EDConnectorThrottled.php",
		"EDConnectorParsable": "includes/connectors/traits/EDConnectorParsable.php",
		"EDConnectorBase": "includes/connectors/EDConnectorBase.php",
		"EDConnectorHttp": "includes/connectors/EDConnectorHttp.php",
		"EDConnectorPost": "includes/connectors/EDConnectorPost.php",
		"EDConnectorGet": "includes/connectors/EDConnectorGet.php",
		"EDConnectorWeb": "includes/connectors/EDConnectorWeb.php",
		"EDConnectorSoap": "includes/connectors/EDConnectorSoap.php",
		"EDConnectorLdap": "includes/connectors/EDConnectorLdap.php",
		"EDConnectorPath": "includes/connectors/EDConnectorPath.php",
		"EDConnectorFile": "includes/connectors/EDConnectorFile.php",
		"EDConnectorDirectory": "includes/connectors/EDConnectorDirectory.php",
		"EDConnectorDirectoryWalker": "includes/connectors/EDConnectorDirectoryWalker.php",
		"EDConnectorDb": "includes/connectors/EDConnectorDb.php",
		"EDConnectorComposed": "includes/connectors/EDConnectorComposed.php",
		"EDConnectorRelational": "includes/connectors/EDConnectorRelational.php",
		"EDConnectorRdbms": "includes/connectors/EDConnectorRdbms.php",
		"EDConnectorSql": "includes/connectors/EDConnectorSql.php",
		"EDConnectorSqlite": "includes/connectors/EDConnectorSqlite.php",
		"EDConnectorOdbc": "includes/connectors/EDConnectorOdbc.php",
		"EDConnectorOdbcMssql": "includes/connectors/EDConnectorOdbcMssql.php",
		"EDConnectorMongodb": "includes/connectors/EDConnectorMongodb.php",
		"EDConnectorMongodb5": "includes/connectors/EDConnectorMongodb5.php",
		"EDConnectorMongodb7": "includes/connectors/EDConnectorMongodb7.php",
		"EDConnectorPrepared": "includes/connectors/EDConnectorPrepared.php",
		"EDConnectorPreparedMysql": "includes/connectors/EDConnectorPreparedMysql.php",
		"EDConnectorPreparedPostgresql": "includes/connectors/EDConnectorPreparedPostgresql.php",
		"EDConnectorPreparedOdbc": "includes/connectors/EDConnectorPreparedOdbc.php",
		"EDConnectorExe": "includes/connectors/EDConnectorExe.php",
		"EDParserBase": "includes/parsers/EDParserBase.php",
		"EDParserText": "includes/parsers/EDParserText.php",
		"EDParserRegex": "includes/parsers/EDParserRegex.php",
		"EDParserIni": "includes/parsers/EDParserIni.php",
		"EDParserHTMLwithCSS": "includes/parsers/EDParserHTMLwithCSS.php",
		"EDParserHTMLwithXPath": "includes/parsers/EDParserHTMLwithXPath.php",
		"EDParserXML": "includes/parsers/EDParserXML.php",
		"EDParserXMLsimple": "includes/parsers/EDParserXMLsimple.php",
		"EDParserXMLwithXPath": "includes/parsers/EDParserXMLwithXPath.php",
		"EDParserJSON": "includes/parsers/EDParserJSON.php",
		"EDParserJSONsimple": "includes/parsers/EDParserJSONsimple.php",
		"EDParserJSONwithJSONPath": "includes/parsers/EDParserJSONwithJSONPath.php",
		"EDParserCSV": "includes/parsers/EDParserCSV.php",
		"EDParserGFF": "includes/parsers/EDParserGFF.php",
		"EDParserException": "includes/parsers/EDParserException.php"
	},
	"Hooks": {
		"ParserFirstCallInit": "ExternalDataHooks::registerParser",
		"ScribuntoExternalLibraries": "ExternalDataHooks::registerLua",
		"SoftwareInfo": "ExternalDataHooks::onSoftwareInfo",
		"LoadExtensionSchemaUpdates": "ExternalDataHooks::onLoadExtensionSchemaUpdates"
	},
	"JobClasses": { "edReparse": "EDReparseJob" },
	"callback": "ExternalDataHooks::onRegistration",
	"config_prefix": "wgExternalData",
	"config": {
		"Sources": {
			"description": "An array of settings for data sources. Index '*' contains global fallbacks",
			"value": {
				"*": {
					"min cache seconds": 3600,
					"always use stale cache": false,
					"throttle key": "$2nd_lvl_domain$",
					"throttle interval": 0,
					"replacements": [],
					"allowed urls": [],
					"options": { "timeout": "default" },
					"encodings": [ "ASCII", "UTF-8", "Windows-1251", "Windows-1252", "Windows-1254", "KOI8-R", "ISO-8859-1" ],
					"params": [],
					"param filters": [],
					"verbose": true
				}
			},
			"merge_strategy": "array_plus_2d"
		},
		"Verbose": {
			"description": "Show an error message if there is no external value",
			"value": true
		},
		"Connectors": {
			"description": "Rules for choosing EDConnector* class",
			"value": [
				[ { "__pf": "get_web_data", "post data": true }, "EDConnectorPost" ],
				[ { "__pf": "get_web_data" }, "EDConnectorWeb" ],
				[ { "__pf": "get_file_data", "directory": true, "file name": "/[[\\]?*]/" }, "EDConnectorDirectoryWalker" ],
				[ { "__pf": "get_file_data", "directory": true }, "EDConnectorDirectory" ],
				[ { "__pf": "get_file_data" }, "EDConnectorFile" ],
				[ { "__pf": "get_soap_data" }, "EDConnectorSoap" ],
				[ { "__pf": "get_ldap_data" }, "EDConnectorLdap" ],
				[ { "__pf": "get_db_data", "type": "mysql", "prepared": true }, "EDConnectorPreparedMysql" ],
				[ { "__pf": "get_db_data", "type": "postgres", "prepared": true }, "EDConnectorPreparedPostgresql" ],
				[ { "__pf": "get_db_data", "type": "sqlite" }, "EDConnectorSqlite" ],
				[ { "__pf": "get_db_data", "type": "odbc", "prepared": true }, "EDConnectorPreparedOdbc" ],
				[ { "__pf": "get_db_data", "type": "odbc", "driver": "ODBC Driver 17 for SQL Server" }, "EDConnectorOdbcMssql" ],
				[ { "__pf": "get_db_data", "type": "mongodb", "__exists": "MongoDB\\Client" }, "EDConnectorMongodb7" ],
				[ { "__pf": "get_db_data", "type": "mongodb", "__exists": "MongoClient" }, "EDConnectorMongodb5" ],
				[ { "__pf": "get_db_data" }, "EDConnectorSql" ],
				[ { "__pf": "get_program_data" }, "EDConnectorExe" ],
				[ { "__pf": "get_external_data", "post data": true }, "EDConnectorPost" ],
				[ { "__pf": "get_external_data", "url": true }, "EDConnectorWeb" ],
				[ { "__pf": "get_external_data", "directory": true, "file name": "/[[\\]?*]/" }, "EDConnectorDirectoryWalker" ],
				[ { "__pf": "get_external_data", "directory": true }, "EDConnectorDirectory" ],
				[ { "__pf": "get_external_data", "file": true }, "EDConnectorFile" ],
				[ { "__pf": "get_external_data", "request": true }, "EDConnectorSoap" ],
				[ { "__pf": "get_external_data", "domain": true }, "EDConnectorLdap" ],
				[ { "__pf": "get_external_data", "type": "mysql", "prepared": true }, "EDConnectorPreparedMysql" ],
				[ { "__pf": "get_external_data", "type": "postgres", "prepared": true }, "EDConnectorPreparedPostgresql" ],
				[ { "__pf": "get_external_data", "type": "sqlite" }, "EDConnectorSqlite" ],
				[ { "__pf": "get_external_data", "type": "odbc", "prepared": true }, "EDConnectorPreparedOdbc" ],
				[ { "__pf": "get_external_data", "type": "odbc", "driver": "ODBC Driver 17 for SQL Server" }, "EDConnectorOdbcMssql" ],
				[ { "__pf": "get_external_data", "type": "mongodb", "__exists": "MongoDB\\Client" }, "EDConnectorMongodb7" ],
				[ { "__pf": "get_external_data", "type": "mongodb", "__exists": "MongoClient" }, "EDConnectorMongodb5" ],
				[ { "__pf": "get_external_data", "from": true }, "EDConnectorSql" ],
				[ { "__pf": "get_external_data", "prepared": true }, "EDConnectorPreparedMysql" ],
				[ { "__pf": "get_external_data", "program": true }, "EDConnectorExe" ]
			]
		},
		"Parsers": {
			"description": "Rules for choosing EDParser* class",
			"value": [
				[ { "format": "text", "regex": true }, "EDParserRegex" ],
				[ { "format": "text with regex" }, "EDParserRegex" ],
				[ { "format": "text" }, "EDParserText" ],
				[ { "format": "ini" }, "EDParserIni" ],
				[ { "format": "html", "use xpath": true }, "EDParserHTMLwithXPath" ],
				[ { "format": "html with xpath" }, "EDParserHTMLwithXPath" ],
				[ { "format": "html with css" }, "EDParserHTMLwithCSS" ],
				[ { "format": "html", "use css": true }, "EDParserHTMLwithCSS" ],
				[ { "format": "html" }, "EDParserHTMLwithCSS" ],
				[ { "format": "xml", "use xpath": true }, "EDParserXMLwithXPath" ],
				[ { "format": "xml with xpath" }, "EDParserXMLwithXPath" ],
				[ { "format": "xml" }, "EDParserXMLsimple" ],
				[ { "format": "json", "use jsonpath": true }, "EDParserJSONwithJSONPath" ],
				[ { "format": "json with jsonpath" }, "EDParserJSONwithJSONPath" ],
				[ { "format": "json" }, "EDParserJSONsimple" ],
				[ { "format": "csv" }, "EDParserCSV" ],
				[ { "format": "csv with header" }, "EDParserCSV" ],
				[ { "format": "gff" }, "EDParserGFF" ]
			]
		}
	},
	"manifest_version": 2
}
